dates,open,high,low,close,adjusted close,volume,dividend amount,split coefficient
2019-03-12,38.0,38.0,38.0,38.0,36.4750611032,10000,0.0,1.0
2019-03-13,39.0,39.9,38.7,39.75,38.154833654,20477364,0.0,1.0
2019-03-14,39.75,41.4,39.75,40.65,39.0187166801,6248563,0.0,1.0
2019-03-15,41.38,41.87,41.24,41.7,40.0265802106,7107258,0.0,1.0
2019-03-18,41.95,41.95,41.05,41.7,40.0265802106,4020942,0.0,1.0
2019-03-19,41.55,41.7,39.84,40.34,38.7211569711,10118472,0.0,1.0
2019-03-20,40.49,40.81,38.24,38.62,37.0701805211,15683238,0.0,1.0
2019-03-21,39.0,40.07,38.75,40.02,38.4139985618,12751732,0.0,1.0
2019-03-22,39.93,39.99,37.69,38.72,37.1661675241,10897994,0.0,1.0
2019-03-25,38.89,38.96,37.39,37.44,35.9375338869,9338926,0.0,1.0
2019-03-26,37.65,38.28,37.51,37.54,36.0335208898,6287100,0.0,1.0
2019-03-27,37.52,37.91,36.76,36.92,35.4384014718,5578118,0.0,1.0
2019-03-28,36.85,37.15,36.34,36.4,34.9392690567,5326238,0.0,1.0
2019-03-29,36.55,36.91,36.15,36.71,35.2368287657,5895347,0.0,1.0
2019-04-01,36.91,37.15,36.71,36.85,35.3712105698,5311201,0.0,1.0
2019-04-02,36.96,37.18,35.9,36.28,34.8240846532,6704831,0.0,1.0
2019-04-03,36.37,36.56,35.9,36.08,34.6321106474,8393708,0.0,1.0
2019-04-04,36.2,36.8,36.01,36.76,35.2848222672,4908406,0.0,1.0
2019-04-05,36.79,37.85,36.69,37.68,36.1679026939,7344894,0.0,1.0
2019-04-08,37.6,37.68,37.265,37.47,35.9663299878,3393260,0.0,1.0
2019-04-09,37.42,37.65,37.17,37.31,35.8127507831,5725894,0.0,1.0
2019-04-10,37.33,37.53,36.36,36.48,35.016058659,4828362,0.0,1.0
2019-04-11,36.57,37.16,35.99,37.09,35.6015793767,4791432,0.0,1.0
2019-04-12,37.15,37.62,36.47,37.53,36.0239221895,6368477,0.0,1.0
2019-04-15,37.46,37.57,36.99,37.53,36.0239221895,3927062,0.0,1.0
2019-04-16,37.67,37.85,37.47,37.75,36.2350935959,5721982,0.0,1.0
2019-04-17,37.87,38.85,37.76,38.84,37.2813519275,7603795,0.0,1.0
2019-04-18,38.91,39.0,38.43,38.44,36.8974039159,4737418,0.0,1.0
2019-04-22,38.36,38.44,37.62,37.7,36.1871000944,7675316,0.0,1.0
2019-04-23,37.79,38.39,37.63,38.08,36.5518507055,6328827,0.0,1.0
2019-04-24,37.95,38.31,37.805,37.96,36.436666302,5323550,0.0,1.0
2019-04-25,37.98,38.2,37.54,38.15,36.6190416075,5309675,0.0,1.0
2019-04-26,38.08,38.53,37.9,38.48,36.9357987171,5297417,0.0,1.0
2019-04-29,38.54,39.525,38.31,39.2,37.626905138,6885177,0.0,1.0
2019-04-30,39.19,39.33,38.47,38.99,37.4253324319,5044352,0.0,1.0
2019-05-01,39.12,39.49,38.66,39.4,37.8188791438,5149829,0.0,1.0
2019-05-02,39.23,39.47,37.08,37.28,35.7839546822,11495855,0.0,1.0
2019-05-03,37.41,37.75,37.12,37.47,35.9663299878,4809763,0.0,1.0
2019-05-06,37.17,37.99,36.96,37.92,36.3982715008,4801609,0.0,1.0
2019-05-07,37.58,37.81,37.12,37.26,35.7647572817,6053297,0.0,1.0
2019-05-08,37.34,37.7,36.855,37.42,35.9183364863,8635285,0.0,1.0
2019-05-09,38.5,39.25,37.51,38.5,36.9549961177,15210152,0.0,1.0
2019-05-10,38.64,38.75,37.44,38.53,36.9837922185,6742528,0.0,1.0
2019-05-13,37.77,38.68,37.73,37.97,36.4462650023,5604035,0.0,1.0
2019-05-14,38.05,38.52,37.872,37.89,36.3694754,6198619,0.0,1.0
2019-05-15,37.7,37.97,37.57,37.71,36.1966987947,2975433,0.0,1.0
2019-05-16,37.91,38.08,36.7,36.74,35.2656248666,8705008,0.0,1.0
2019-05-17,36.56,37.59,36.55,37.32,36.0431195901,5507954,0.23,1.0
2019-05-20,37.18,37.64,37.0,37.14,35.8692781773,3670004,0.0,1.0
2019-05-21,37.26,38.0,37.1,37.69,36.400460272,4668608,0.0,1.0
2019-05-22,37.66,37.76,37.055,37.12,35.8499624647,3431178,0.0,1.0
2019-05-23,36.82,37.08,36.63,36.91,35.6471474831,4431862,0.0,1.0
2019-05-24,37.05,37.205,36.85,36.92,35.6568053394,2878988,0.0,1.0
2019-05-28,36.97,37.34,36.505,36.64,35.3863853639,4380381,0.0,1.0
2019-05-29,36.5,36.65,35.79,35.79,34.5654675812,3691294,0.0,1.0
2019-05-30,35.88,36.155,35.15,35.22,34.0149697739,4730387,0.0,1.0
2019-05-31,34.97,35.27,34.7,35.23,34.0246276302,6706125,0.0,1.0
2019-06-03,35.05,35.3,33.78,34.24,33.0684998597,7665044,0.0,1.0
2019-06-04,34.52,35.25,34.15,34.48,33.3002884101,8058934,0.0,1.0
2019-06-05,34.62,34.98,34.28,34.36,33.1843941349,6240649,0.0,1.0
2019-06-06,34.66,34.66,33.98,34.12,32.9526055845,5288296,0.0,1.0
2019-06-07,34.18,34.44,34.0,34.01,32.8463691656,4226794,0.0,1.0
2019-06-10,34.05,34.4,33.9,34.03,32.8656848781,5620499,0.0,1.0
2019-06-11,34.23,34.41,34.01,34.18,33.0105527221,3166916,0.0,1.0
2019-06-12,34.2,35.1,34.16,35.05,33.8507862174,4426934,0.0,1.0
2019-06-13,35.17,35.5,34.963,35.29,34.0825747678,4384777,0.0,1.0
2019-06-14,35.24,35.5,34.93,35.24,34.0342854865,4362353,0.0,1.0
2019-06-17,35.42,36.325,35.34,36.13,34.8938346943,7195391,0.0,1.0
2019-06-18,36.45,37.05,36.08,36.19,34.9517818319,4938850,0.0,1.0
2019-06-19,36.26,36.42,35.6775,35.99,34.7586247065,4790143,0.0,1.0
2019-06-20,36.38,36.475,35.56,35.58,34.3626525996,5916524,0.0,1.0
2019-06-21,35.61,37.295,35.31,36.18,34.9421239756,11402191,0.0,1.0
2019-06-24,36.01,36.07,35.605,35.8,34.5751254374,5280111,0.0,1.0
2019-06-25,35.78,35.86,35.14,35.34,34.1308640491,7204375,0.0,1.0
2019-06-26,35.79,36.1,35.33,35.47,34.2564161806,4297292,0.0,1.0
2019-06-27,35.53,36.33,35.2,35.99,34.7586247065,5083896,0.0,1.0
2019-06-28,35.98,36.76,35.81,36.64,35.3863853639,10930138,0.0,1.0
2019-07-01,36.46,36.99,35.74,35.92,34.6910197126,6407228,0.0,1.0
2019-07-02,36.01,36.62,35.92,36.59,35.3380960826,3599546,0.0,1.0
2019-07-03,36.6,36.82,36.27,36.35,35.1063075321,3160332,0.0,1.0
2019-07-05,36.24,36.8,36.075,36.6,35.3477539388,1981977,0.0,1.0
2019-07-08,36.53,36.675,36.08,36.13,34.8938346943,1644620,0.0,1.0
2019-07-09,36.03,36.27,35.82,36.02,34.7875982753,2379561,0.0,1.0
2019-07-10,36.19,36.43,36.075,36.14,34.9034925505,2400697,0.0,1.0
2019-07-11,36.17,36.35,35.85,36.29,35.0483603945,2986996,0.0,1.0
2019-07-12,36.46,37.04,36.1,36.96,35.6954367645,2755739,0.0,1.0
2019-07-15,37.03,37.16,36.64,37.01,35.7437260458,2861593,0.0,1.0
2019-07-16,36.93,37.11,36.63,36.69,35.4346746452,2721520,0.0,1.0
2019-07-17,36.73,36.76,36.11,36.17,34.9324661193,5740483,0.0,1.0
2019-07-18,36.17,36.72,35.96,36.55,35.2994646575,5313845,0.0,1.0
2019-07-19,36.7,36.74,36.14,36.43,35.1835703823,4402023,0.0,1.0
2019-07-22,36.51,36.61,36.06,36.1,34.8648611255,7865704,0.0,1.0
2019-07-23,36.19,36.39,35.84,36.22,34.9807554007,5573558,0.0,1.0
2019-07-24,36.13,36.86,36.13,36.6,35.3477539388,5980591,0.0,1.0
2019-07-25,36.63,37.34,36.63,37.17,35.8982517461,3251722,0.0,1.0
2019-07-26,37.29,37.8,37.08,37.21,35.9368831711,2669100,0.0,1.0
2019-07-29,37.16,37.57,37.07,37.51,36.2266188592,2130637,0.0,1.0
2019-07-30,37.35,37.98,37.32,37.82,36.5260124035,2971835,0.0,1.0
2019-07-31,37.67,37.692,36.81,37.32,36.0431195901,5280629,0.0,1.0
2019-08-01,37.25,37.49,36.725,36.89,35.6278317706,3280662,0.0,1.0
2019-08-02,36.73,36.96,36.33,36.63,35.3767275076,2419011,0.0,1.0
2019-08-05,36.47,36.56,35.77,36.05,34.8165718441,4517227,0.0,1.0
2019-08-06,36.16,36.6,35.93,36.45,35.2028860948,3366690,0.0,1.0
2019-08-07,35.89,37.15,35.8,37.04,35.7726996146,4657381,0.0,1.0
2019-08-08,37.22,37.25,35.0,35.13,33.9280490675,9539872,0.0,1.0
2019-08-09,35.11,35.65,34.98,35.4,34.1888111867,4234434,0.0,1.0
2019-08-12,35.04,35.32,34.7,34.95,33.7542076547,4172864,0.0,1.0
2019-08-13,34.84,35.59,34.8,35.06,33.8604440736,2940835,0.0,1.0
2019-08-14,34.7,34.75,33.38,33.69,32.537317765,7489849,0.0,1.0
2019-08-15,33.88,34.09,32.725,32.75,31.6294792759,7043951,0.0,1.0
2019-08-16,33.0,33.3,32.67,32.99,31.8612678263,3256831,0.0,1.0
2019-08-19,33.32,34.025,33.29,33.87,32.7111591778,3915125,0.0,1.0
2019-08-20,33.83,34.05,33.52,33.59,32.4407392023,2810834,0.0,1.0
2019-08-21,33.64,33.725,33.01,33.41,32.2668977895,3050409,0.0,1.0
2019-08-22,33.38,33.54,32.95,33.05,31.9192149639,3725374,0.0,1.0
2019-08-23,32.93,33.085,31.63,31.75,30.6636936491,3868329,0.0,1.0
2019-08-26,31.84,32.14,31.58,32.08,30.9824029059,3235649,0.0,1.0
2019-08-27,32.22,32.38,31.92,31.93,30.8375350619,3449444,0.0,1.0
2019-08-28,32.05,32.28,31.62,31.79,30.7023250742,3567237,0.0,1.0
2019-08-29,32.0,33.125,31.88,32.74,31.6198214196,3687745,0.0,1.0
2019-08-30,33.72,33.72,32.79,33.17,32.0351092391,2926088,0.0,1.0
2019-09-03,32.66,33.11,32.54,32.77,31.8709256826,2092384,0.23,1.0
2019-09-04,32.99,33.61,32.9,33.56,32.6392513246,2282398,0.0,1.0
2019-09-05,33.64,34.405,33.56,34.25,33.3103205562,3946927,0.0,1.0
2019-09-06,34.32,34.74,34.06,34.23,33.2908692741,2514623,0.0,1.0
2019-09-09,33.39,34.34,33.39,34.3,33.3589487614,2659833,0.0,1.0
2019-09-10,33.85,34.72,33.85,34.3,33.3589487614,3198116,0.0,1.0
2019-09-11,34.28,34.43,33.8,34.0,33.0671795303,3287051,0.0,1.0
2019-09-12,34.19,34.19,33.67,33.79,32.8629410685,4290524,0.0,1.0
2019-09-13,33.96,34.21,33.51,33.83,32.9018436326,4606058,0.0,1.0
2019-09-16,33.68,33.83,33.47,33.6,32.6781538887,2175629,0.0,1.0
2019-09-17,33.59,33.59,32.79,32.86,31.9584564519,6702742,0.0,1.0
2019-09-18,32.88,32.96,32.13,32.64,31.7444923491,5597093,0.0,1.0
2019-09-19,32.48,32.78,31.96,32.04,31.1609538868,4925050,0.0,1.0
2019-09-20,31.99,32.425,31.72,32.27,31.3846436306,8191229,0.0,1.0
2019-09-23,32.37,32.49,31.995,32.27,31.3846436306,3488279,0.0,1.0
2019-09-24,32.28,32.445,31.475,31.59,30.72330004,5844940,0.0,1.0
2019-09-25,31.61,32.18,31.56,32.01,31.1317769636,4390022,0.0,1.0
2019-09-26,32.18,32.19,31.39,31.45,30.5871410655,5965705,0.0,1.0
2019-09-27,31.65,31.72,31.15,31.44,30.5774154245,4267095,0.0,1.0
2019-09-30,31.63,31.87,31.35,31.535,30.6698090143,3168442,0.0,1.0
2019-10-01,31.73,32.07,31.2,31.24,30.3829026037,2703381,0.0,1.0
2019-10-02,31.17,31.29,30.365,30.42,29.5854000385,4879846,0.0,1.0
2019-10-03,30.34,30.55,29.705,30.46,29.6243026027,7187910,0.0,1.0
2019-10-04,30.6,30.81,30.37,30.57,29.7312846541,2858374,0.0,1.0
2019-10-07,30.75,31.14,30.58,30.6,29.7604615772,4868461,0.0,1.0
2019-10-08,30.27,30.28,29.695,30.055,29.2304141407,3832717,0.0,1.0
2019-10-09,30.36,30.45,29.96,30.23,29.4006128588,3538928,0.0,1.0
2019-10-10,30.24,30.55,30.05,30.52,29.6826564489,3497847,0.0,1.0
2019-10-11,30.99,31.755,30.76,31.46,30.5968667065,4444553,0.0,1.0
2019-10-14,31.27,31.43,31.04,31.39,30.5287872193,2998509,0.0,1.0
2019-10-15,31.33,31.805,31.15,31.7,30.8302820915,3758858,0.0,1.0
2019-10-16,31.61,32.01,31.545,31.99,31.1123256816,4385645,0.0,1.0
2019-10-17,32.1,32.14,31.54,31.98,31.1026000405,9074193,0.0,1.0
2019-10-18,32.04,32.57,31.96,32.21,31.3262897844,8890325,0.0,1.0
2019-10-21,32.36,32.81,32.2,32.74,31.8417487594,5158685,0.0,1.0
2019-10-22,32.73,33.565,32.55,33.45,32.5322692732,5526827,0.0,1.0
2019-10-23,33.33,33.67,33.15,33.24,32.3280308114,7091867,0.0,1.0
2019-10-24,33.18,33.39,31.79,32.3,31.4138205538,9058087,0.0,1.0
2019-10-25,32.39,32.775,32.32,32.41,31.5208026052,5450286,0.0,1.0
2019-10-28,32.54,33.41,32.41,32.99,32.0848897854,8672271,0.0,1.0
2019-10-29,32.82,33.04,32.55,32.84,31.9390051698,3558558,0.0,1.0
2019-10-30,32.66,32.85,32.0,32.08,31.1998564509,4364431,0.0,1.0
2019-10-31,32.0,32.08,31.67,32.04,31.1609538868,5063534,0.0,1.0
2019-11-01,32.17,32.54,31.96,32.39,31.5013513231,3813529,0.0,1.0
2019-11-04,32.5,32.6,32.29,32.55,31.6569615797,2611960,0.0,1.0
2019-11-05,32.58,33.08,32.525,32.835,31.9341423493,3198689,0.0,1.0
2019-11-06,32.84,33.18,32.3,33.1,32.1918718368,5681566,0.0,1.0
2019-11-07,33.95,34.97,33.37,34.94,33.9813897879,9056842,0.0,1.0
2019-11-08,35.0,35.23,34.59,35.14,34.1759026086,4979803,0.0,1.0
2019-11-11,34.95,35.07,34.59,34.99,34.0300179931,3280165,0.0,1.0
2019-11-12,35.07,35.105,34.45,34.485,33.5388731206,3906077,0.0,1.0
2019-11-13,34.37,34.72,34.19,34.26,33.3200461973,4559697,0.0,1.0
2019-11-14,34.14,34.51,33.99,34.22,33.2811436331,4022379,0.0,1.0
2019-11-15,34.39,34.68,33.93,34.27,33.3297718383,4517722,0.0,1.0
2019-11-18,34.31,35.25,34.21,35.19,34.2245308138,5690353,0.0,1.0
2019-11-19,35.22,36.325,35.22,36.26,35.2651744049,6334172,0.0,1.0
2019-11-20,35.66,36.41,35.66,35.89,34.9053256865,4320510,0.0,1.0
2019-11-21,35.93,36.35,35.56,35.7,34.7205385068,2861622,0.0,1.0
2019-11-22,35.77,36.04,35.505,35.66,34.6816359426,4408152,0.0,1.0
2019-11-25,35.7,35.86,35.35,35.68,34.7010872247,4908094,0.0,1.0
2019-11-26,35.67,36.095,35.55,35.93,34.9442282507,3086318,0.0,1.0
2019-11-27,36.06,36.19,35.675,35.78,34.7983436351,2455892,0.0,1.0
2019-11-29,35.81,36.0,35.37,35.76,34.778892353,1704919,0.0,1.0
2019-12-02,35.75,36.02,35.55,35.6,34.6232820964,2599436,0.0,1.0
2019-12-03,35.41,35.525,34.71,35.19,34.2245308138,4207502,0.0,1.0
2019-12-04,35.53,35.69,34.99,35.5,34.526025686,3768434,0.0,1.0
2019-12-05,35.65,35.77,35.23,35.5,34.526025686,2921919,0.0,1.0
2019-12-06,35.71,35.91,35.35,35.42,34.4482205577,1733518,0.0,1.0
2019-12-09,35.5,36.015,35.35,35.62,34.6427333785,2849287,0.0,1.0
2019-12-10,35.51,36.01,35.24,35.81,34.8275205582,5996830,0.0,1.0
2019-12-11,35.75,36.595,35.75,36.16,35.1679179945,5668715,0.0,1.0
2019-12-12,36.32,36.94,36.109,36.85,35.8389872262,5796430,0.0,1.0
2019-12-13,36.73,36.99,36.505,36.77,35.7611820979,5970920,0.0,1.0
2019-12-16,36.95,37.16,36.702,36.81,35.800084662,4273548,0.0,1.0
2019-12-17,36.71,37.26,36.435,37.16,36.1404820984,4143125,0.0,1.0
2019-12-18,37.19,37.33,36.89,36.93,35.9167923545,3392546,0.0,1.0
2019-12-19,36.76,37.17,36.76,37.0,35.9848718418,2629295,0.0,1.0
2019-12-20,37.29,37.29,36.72,37.17,36.1502077394,6211696,0.0,1.0
2019-12-23,37.17,37.625,37.04,37.455,36.427388509,3712114,0.0,1.0
2019-12-24,37.44,37.6,37.25,37.3,36.2766410729,1940663,0.0,1.0
2019-12-26,37.26,37.67,37.26,37.57,36.5392333809,3699187,0.0,1.0
2019-12-27,37.65,37.72,37.215,37.41,36.3836231243,1969014,0.0,1.0
2019-12-30,37.42,37.56,36.99,37.08,36.0626769701,3039584,0.0,1.0
2019-12-31,36.94,37.175,36.76,37.07,36.052951329,2315456,0.0,1.0
2020-01-02,37.41,37.47,36.575,37.07,36.052951329,4500697,0.0,1.0
2020-01-03,36.69,36.98,36.62,36.665,35.659062867,4035801,0.0,1.0
2020-01-06,36.66,36.765,36.36,36.57,35.5666692771,2434614,0.0,1.0
2020-01-07,36.56,37.225,36.4,37.07,36.052951329,3253951,0.0,1.0
2020-01-08,37.13,37.51,37.04,37.11,36.0918538932,3709661,0.0,1.0
2020-01-09,37.18,37.365,36.815,37.18,36.1599333804,3621876,0.0,1.0
2020-01-10,37.12,37.24,36.64,36.72,35.7125538927,2663984,0.0,1.0
2020-01-13,36.72,37.15,36.47,36.99,35.9751462007,2674370,0.0,1.0
2020-01-14,36.79,37.51,36.76,37.26,36.2377385088,4530938,0.0,1.0
2020-01-15,37.36,37.6,37.17,37.48,36.4517026116,6165154,0.0,1.0
2020-01-16,37.71,39.14,37.62,39.11,38.0369821008,7362807,0.0,1.0
2020-01-17,39.28,39.735,39.16,39.34,38.2606718447,4785892,0.0,1.0
2020-01-21,39.0,39.38,38.84,39.1,38.0272564598,4104815,0.0,1.0
2020-01-22,39.15,39.31,38.855,39.09,38.0175308188,3920952,0.0,1.0
2020-01-23,38.77,39.02,37.34,37.49,36.4614282526,5845476,0.0,1.0
2020-01-24,37.3,37.46,36.18,36.61,35.6055718413,9289663,0.0,1.0
2020-01-27,36.44,37.015,36.19,36.88,35.8681641493,9909349,0.0,1.0
2020-01-28,37.35,37.43,36.75,37.14,36.1210308163,3268085,0.0,1.0
2020-01-29,36.95,37.22,36.425,36.58,35.5763949182,2596049,0.0,1.0
2020-01-30,36.17,37.07,36.05,37.03,36.0140487649,2956940,0.0,1.0
2020-01-31,37.0,37.2,36.47,37.08,36.0626769701,5283881,0.0,1.0
2020-02-03,37.3,37.99,37.11,37.59,36.558684663,3371357,0.0,1.0
2020-02-04,37.96,38.31,37.75,38.03,36.9866128687,3330975,0.0,1.0
2020-02-05,38.54,38.98,38.12,38.67,37.6090538952,6334956,0.0,1.0
2020-02-06,39.1,39.42,36.73,37.11,36.0918538932,9336502,0.0,1.0
2020-02-07,36.98,37.07,36.48,37.0,35.9848718418,3634298,0.0,1.0
2020-02-10,36.87,37.41,36.72,37.3,36.2766410729,3212900,0.0,1.0
2020-02-11,37.23,37.439,36.66,37.13,36.1113051753,2550303,0.0,1.0
2020-02-12,37.33,37.7,37.23,37.67,36.6364897913,3303320,0.0,1.0
2020-02-13,37.53,38.275,37.46,38.0,36.9574359456,2034790,0.0,1.0
2020-02-14,38.08,38.11,37.48,37.8,36.7629231248,2349557,0.0,1.0
2020-02-18,37.76,37.99,37.45,37.78,36.7434718427,2065392,0.0,1.0
2020-02-19,37.93,38.28,37.6,38.03,36.9866128687,1839277,0.0,1.0
2020-02-20,37.7,37.9,36.33,37.03,36.0140487649,5305658,0.0,1.0
2020-02-21,36.71,37.6,35.75,35.99,35.0025820969,5024178,0.0,1.0
2020-02-24,35.65,35.65,34.48,34.69,33.7382487619,5577610,0.0,1.0
2020-02-25,34.81,35.0,33.025,33.21,32.2988538882,5241255,0.0,1.0
2020-02-26,33.56,33.77,32.4,32.79,31.8903769646,5632557,0.0,1.0
2020-02-27,32.23,32.89,31.33,31.34,30.4801590141,7440242,0.0,1.0
2020-02-28,30.25,31.68,30.16,30.74,29.8966205518,7567114,0.0,1.0
2020-03-02,30.73,32.14,30.35,32.11,31.229033374,7503770,0.0,1.0
2020-03-03,31.42,32.63,30.66,30.99,30.3634513216,4869495,0.23,1.0
2020-03-04,31.32,31.57,30.42,30.93,30.3046643878,4338437,0.0,1.0
2020-03-05,30.16,30.39,29.18,29.44,28.8447888644,5392186,0.0,1.0
2020-03-06,28.25,29.09,28.16,28.84,28.2569195261,8403629,0.0,1.0
2020-03-09,26.93,27.99,25.04,27.48,26.9244156927,6989032,0.0,1.0
2020-03-10,28.27,29.26,27.0,29.11,28.5214607284,4608524,0.0,1.0
2020-03-11,28.21,28.66,27.52,27.78,27.2183503619,5405485,0.0,1.0
2020-03-12,26.76,27.1,24.87,26.22,25.6898900824,7766051,0.0,1.0
2020-03-13,27.56,28.64,24.6,26.15,25.6213053262,6759921,0.0,1.0
2020-03-16,23.81,24.97,23.123,24.01,23.5245713531,9605841,0.0,1.0
2020-03-17,24.37,25.58,22.92,25.14,24.6317252735,7751245,0.0,1.0
2020-03-18,23.72,24.7,21.84,22.34,21.8883350282,7119280,0.0,1.0
2020-03-19,22.29,23.9,20.78,22.82,22.3586304988,6085350,0.0,1.0
2020-03-20,23.17,23.6,20.85,20.99,20.5656290171,8498759,0.0,1.0
2020-03-23,21.13,21.34,19.81,20.2,19.7916010551,8091687,0.0,1.0
2020-03-24,21.12,22.35,20.55,22.29,21.8393459167,6343607,0.0,1.0
2020-03-25,22.36,25.42,21.98,24.14,23.651943043,7525641,0.0,1.0
2020-03-26,24.2,25.55,24.15,24.97,24.4651622943,5185752,0.0,1.0
2020-03-27,24.16,24.26,22.33,22.51,22.0548980074,6134517,0.0,1.0
2020-03-30,22.3,24.47,22.0,24.31,23.8185060222,5909893,0.0,1.0
2020-03-31,24.69,24.82,23.45,23.63,23.1522541055,5594115,0.0,1.0
2020-04-01,22.67,22.78,21.95,22.34,21.8883350282,4556222,0.0,1.0
2020-04-02,22.49,23.5,22.005,22.67,22.2116631643,4944613,0.0,1.0
2020-04-03,22.51,22.73,21.81,22.3,21.849143739,4296097,0.0,1.0
2020-04-06,23.42,25.259,23.32,25.06,24.5533426951,4453931,0.0,1.0
2020-04-07,26.21,27.11,25.39,25.49,24.9746490541,4559902,0.0,1.0
2020-04-08,25.94,26.57,25.51,26.3,25.7682726608,4832544,0.0,1.0
2020-04-09,26.54,27.08,25.6,25.99,25.4645401694,5180201,0.0,1.0
2020-04-13,25.83,26.11,24.94,25.99,25.4645401694,3468523,0.0,1.0
2020-04-14,26.34,26.66,25.91,26.51,25.9740269292,2735373,0.0,1.0
2020-04-15,25.77,25.87,24.96,25.7,25.1804033225,2454591,0.0,1.0
2020-04-16,25.64,25.946,24.85,25.54,25.0236381657,2594548,0.0,1.0
2020-04-17,26.195,26.955,25.97,26.875,26.3316474433,4006891,0.0,1.0
2020-04-20,26.17,26.78,25.98,26.06,25.5331249255,2551547,0.0,1.0
2020-04-21,25.38,25.9,25.15,25.54,25.0236381657,3155352,0.0,1.0
2020-04-22,26.05,26.39,24.71,24.77,24.2692058482,3965395,0.0,1.0
2020-04-23,24.88,25.435,23.92,24.86,24.357386249,4201873,0.0,1.0
2020-04-24,24.9,25.01,24.36,24.835,24.3328916932,4955128,0.0,1.0
2020-04-27,25.21,26.68,25.01,26.39,25.8564530615,3912929,0.0,1.0
2020-04-28,26.99,28.06,26.71,27.14,26.5912897344,5663360,0.0,1.0
2020-04-29,28.02,28.62,27.955,28.37,27.7964218778,5137945,0.0,1.0
2020-04-30,27.56,27.88,25.4,25.87,25.3469663017,6059669,0.0,1.0
2020-05-01,25.43,25.82,24.975,25.43,24.9158621203,2782776,0.0,1.0
2020-05-04,25.32,25.42,24.556,24.995,24.4896568501,4232568,0.0,1.0
2020-05-05,25.04,25.36,23.89,24.1,23.6127517538,4870397,0.0,1.0
2020-05-06,24.3,25.005,23.57,24.81,24.3083971374,5374479,0.0,1.0
2020-05-07,26.46,27.08,25.21,25.25,24.7395013188,8124990,0.0,1.0
2020-05-08,25.97,26.3,25.63,26.0,25.4743379917,6613743,0.0,1.0
2020-05-11,25.54,26.06,25.04,25.67,25.1510098556,4509096,0.0,1.0
2020-05-12,25.81,26.08,25.175,25.355,24.842378453,3936099,0.0,1.0
2020-05-13,25.22,25.22,23.735,24.52,24.0242602906,4540491,0.0,1.0
2020-05-14,24.12,25.83,23.77,25.77,25.2489880787,4823678,0.0,1.0
2020-05-15,25.52,26.19,25.235,26.06,25.5331249255,3136021,0.0,1.0
2020-05-18,26.99,27.635,26.625,27.47,26.9146178704,4533347,0.0,1.0
2020-05-19,27.49,28.13,27.0,27.57,27.0125960935,4340348,0.0,1.0
2020-05-20,27.88,28.43,27.63,27.81,27.2477438288,3226805,0.0,1.0
2020-05-21,27.61,28.065,27.56,27.62,27.061585205,2944403,0.0,1.0
2020-05-22,27.53,27.965,27.47,27.8,27.2379460065,2656920,0.0,1.0
2020-05-26,28.74,29.25,28.48,29.03,28.4430781499,4499733,0.0,1.0
2020-05-27,29.68,30.16,29.04,29.65,29.0505431328,5280622,0.0,1.0
2020-05-28,29.61,29.94,28.86,28.93,28.3450999269,3400395,0.0,1.0
2020-05-29,28.77,29.21,28.36,29.17,28.5802476622,4180814,0.0,1.0
2020-06-01,29.13,29.755,29.07,29.54,28.9427670875,2466968,0.0,1.0
2020-06-02,29.63,29.757,29.07,29.3,28.7076193522,3560164,0.0,1.0
2020-06-03,29.81,31.185,29.45,30.77,30.1478992309,5762724,0.0,1.0
2020-06-04,30.57,31.05,30.08,30.53,29.9127514956,3668273,0.0,1.0
2020-06-05,31.92,32.35,30.535,30.85,30.2262818094,5592595,0.0,1.0
2020-06-08,31.03,32.785,31.03,32.48,31.823326845,5503517,0.0,1.0
2020-06-09,31.72,32.12,30.75,30.81,30.1870905201,4999137,0.0,1.0
2020-06-10,30.7,30.82,29.53,30.14,29.5306364257,4328059,0.0,1.0
2020-06-11,29.36,29.45,27.91,28.06,27.4926893864,5890728,0.0,1.0
2020-06-12,28.9,29.03,27.66,28.29,27.7180392994,4221137,0.0,1.0
2020-06-15,27.36,29.745,27.11,29.29,28.6978215299,4892935,0.0,1.0
2020-06-16,30.15,30.47,27.97,28.31,27.737634944,4688354,0.0,1.0
2020-06-17,28.28,28.52,27.81,28.07,27.5024872087,5167631,0.0,1.0
2020-06-18,28.03,29.04,27.72,29.0,28.413684683,5025909,0.0,1.0
2020-06-19,30.15,30.15,28.21,28.32,27.7474327663,7570116,0.0,1.0
2020-06-22,28.04,28.21,27.58,28.11,27.5416784979,5569121,0.0,1.0
2020-06-23,28.47,28.855,28.18,28.26,27.6886458325,5512679,0.0,1.0
2020-06-24,27.95,28.079,26.9,27.38,26.8264374697,5106555,0.0,1.0
2020-06-25,26.99,27.105,26.42,26.93,26.385535466,5782055,0.0,1.0
2020-06-26,26.68,26.74,25.47,25.7,25.1804033225,7361086,0.0,1.0
2020-06-29,25.87,26.93,25.73,26.9,26.3561419991,4638041,0.0,1.0
2020-06-30,26.8,27.0,26.475,26.82,26.2777594206,3837871,0.0,1.0
2020-07-01,26.92,27.35,26.48,26.93,26.385535466,3725548,0.0,1.0
2020-07-02,27.63,27.73,26.47,26.56,26.0230160407,3615116,0.0,1.0
2020-07-06,27.01,27.29,26.12,26.5,25.9642291069,5096700,0.0,1.0
2020-07-07,26.24,26.38,25.63,25.69,25.1706055002,3815022,0.0,1.0
2020-07-08,25.58,25.67,24.995,25.3,24.7884904304,4276490,0.0,1.0
2020-07-09,25.28,25.42,23.93,24.37,23.877292956,5923700,0.0,1.0
2020-07-10,24.43,25.385,24.21,25.32,24.808086075,3359652,0.0,1.0
2020-07-13,25.11,25.535,24.34,24.96,24.455364472,5807021,0.0,1.0
2020-07-14,24.78,25.425,24.48,25.03,24.5239492281,3664868,0.0,1.0
2020-07-15,25.33,26.18,25.33,26.06,25.5331249255,5359175,0.0,1.0
2020-07-16,25.87,26.37,25.77,26.17,25.6409009709,2200542,0.0,1.0
2020-07-17,26.18,26.36,25.01,25.28,24.7688947858,5079917,0.0,1.0
2020-07-20,25.14,25.39,24.295,24.76,24.2594080259,3672352,0.0,1.0
2020-07-21,24.92,25.67,24.81,25.4,24.8864686534,4759446,0.0,1.0
2020-07-22,25.47,25.95,25.22,25.91,25.3861575909,2859670,0.0,1.0
2020-07-23,26.07,26.53,25.945,26.24,25.709485727,4029778,0.0,1.0
2020-07-24,26.42,27.38,26.32,26.66,26.1209942638,4132964,0.0,1.0
2020-07-27,26.58,26.76,25.41,25.72,25.1999989671,4550910,0.0,1.0
2020-07-28,25.54,26.185,25.453,25.74,25.2195946118,2593866,0.0,1.0
2020-07-29,25.87,26.05,25.41,25.86,25.3371684794,2170135,0.0,1.0
2020-07-30,25.5,26.0,25.26,25.82,25.2979771902,3669739,0.0,1.0
2020-07-31,25.84,25.84,25.17,25.77,25.2489880787,3924938,0.0,1.0
2020-08-03,25.77,26.42,25.43,26.36,25.8270595946,3826146,0.0,1.0
2020-08-04,26.31,27.2,26.18,26.67,26.1307920861,5462522,0.0,1.0
2020-08-05,25.36,25.71,24.22,24.725,24.2251156479,7628214,0.0,1.0
2020-08-06,24.9,25.32,24.64,24.99,24.4847579389,5962298,0.0,1.0
2020-08-07,24.87,25.1,24.27,24.67,24.1712276252,7072617,0.0,1.0
2020-08-10,24.61,24.86,24.175,24.4,23.906686423,9867539,0.0,1.0
2020-08-11,24.78,25.495,24.59,24.66,24.1614298029,7978998,0.0,1.0
2020-08-12,24.95,25.14,24.6,24.92,24.4161731828,4732661,0.0,1.0
2020-08-13,24.84,25.61,24.73,25.57,25.0530316326,6538863,0.0,1.0
2020-08-14,25.59,26.045,25.21,25.74,25.2195946118,3036085,0.0,1.0
2020-08-17,25.89,25.93,25.175,25.56,25.0432338103,3092185,0.0,1.0
2020-08-18,25.57,25.8,25.45,25.635,25.1167174776,2673601,0.0,1.0
2020-08-19,25.6,26.15,25.59,25.85,25.3273706571,3437623,0.0,1.0
2020-08-20,25.71,26.02,25.51,25.89,25.3665619463,4718990,0.0,1.0
2020-08-21,25.82,26.05,25.57,26.0,25.4743379917,3016589,0.0,1.0
2020-08-24,26.08,27.14,26.0,26.98,26.4345245775,3620843,0.0,1.0
2020-08-25,26.95,27.23,26.41,26.9,26.3561419991,4075310,0.0,1.0
2020-08-26,26.79,27.295,26.62,27.15,26.6010875567,4463617,0.0,1.0
2020-08-27,27.4,27.815,27.29,27.57,27.0125960935,3601169,0.0,1.0
2020-08-28,27.6,27.83,27.41,27.815,27.2526427399,3859666,0.0,1.0
2020-08-31,28.0,28.41,27.65,27.86,27.2967329403,5925342,0.0,1.0
2020-09-01,26.8,27.58,26.8,27.44,27.1105743165,4016455,0.23,1.0
2020-09-02,27.48,28.1,27.47,27.88,27.5452919805,3517361,0.0,1.0
2020-09-03,28.07,28.62,27.21,27.35,27.0216547943,6258212,0.0,1.0
2020-09-04,27.88,27.97,27.22,27.66,27.3279331485,4928746,0.0,1.0
2020-09-08,27.53,28.29,27.45,27.69,27.3575729892,4941618,0.0,1.0
2020-09-09,27.75,28.43,27.38,28.2,27.8614502816,4781100,0.0,1.0
2020-09-10,28.27,28.745,28.01,28.19,27.8515703347,4424450,0.0,1.0
2020-09-11,28.32,28.64,27.64,28.14,27.8021706001,4736215,0.0,1.0
2020-09-14,28.29,29.295,28.22,28.66,28.3159278393,5798176,0.0,1.0
2020-09-15,28.73,28.995,28.365,28.61,28.2665281048,3350905,0.0,1.0
2020-09-16,28.86,29.92,28.75,29.34,28.9877642291,5352262,0.0,1.0
2020-09-17,28.7,29.25,28.38,28.63,28.2862879986,4241253,0.0,1.0
2020-09-18,28.65,28.66,27.59,27.96,27.6243315558,6768132,0.0,1.0
2020-09-21,27.53,27.67,26.44,26.78,26.4584978206,4797721,0.0,1.0
2020-09-22,26.85,27.12,26.555,26.77,26.4486178737,4320952,0.0,1.0
2020-09-23,26.59,26.97,25.86,25.91,25.5989424395,3726141,0.0,1.0
2020-09-24,25.97,26.43,25.57,26.2,25.8854608999,2443227,0.0,1.0
2020-09-25,25.98,26.845,25.92,26.7,26.3794582453,3348544,0.0,1.0
2020-09-28,27.09,27.86,27.07,27.84,27.5057721929,3112839,0.0,1.0
2020-09-29,27.71,27.97,27.12,27.77,27.4366125645,3335291,0.0,1.0
2020-09-30,27.99,28.52,27.5,27.83,27.4958922459,4539292,0.0,1.0
2020-10-01,27.96,28.22,27.505,28.02,27.6836112372,3437657,0.0,1.0
2020-10-02,27.68,28.36,26.915,28.08,27.7428909187,4330875,0.0,1.0
2020-10-05,28.23,28.78,28.02,28.71,28.3653275739,2589565,0.0,1.0
2020-10-06,28.78,29.06,27.81,27.92,27.5848117681,3580634,0.0,1.0
2020-10-07,28.2,29.26,28.1,28.97,28.6222061935,4490284,0.0,1.0
2020-10-08,29.25,29.57,28.915,29.56,29.2051230611,2509674,0.0,1.0
2020-10-09,29.77,30.0,29.04,29.19,28.8395650255,3239569,0.0,1.0
2020-10-12,29.44,29.52,28.825,28.94,28.5925663528,3221164,0.0,1.0
2020-10-13,28.89,28.915,27.16,27.23,26.9030954314,7187039,0.0,1.0
2020-10-14,27.26,27.45,26.9,26.93,26.6066970242,3288165,0.0,1.0
2020-10-15,26.79,26.98,26.37,26.93,26.6066970242,6332893,0.0,1.0
2020-10-16,27.11,27.23,26.55,26.86,26.5375373958,3428271,0.0,1.0
2020-10-19,27.09,27.11,25.97,26.02,25.7076218555,3741377,0.0,1.0
2020-10-20,26.4,26.4,25.87,26.05,25.7372616963,3402676,0.0,1.0
2020-10-21,25.9,26.7,25.78,26.57,26.2510189355,2572494,0.0,1.0
2020-10-22,26.84,27.6,26.72,27.46,27.1303342103,3572065,0.0,1.0
2020-10-23,27.62,27.665,26.72,27.08,26.7548962278,3463775,0.0,1.0
2020-10-26,26.82,26.84,26.09,26.41,26.092939785,4847095,0.0,1.0
2020-10-27,26.35,26.36,26.045,26.185,25.8706409795,3079386,0.0,1.0
2020-10-28,25.78,26.03,25.21,25.31,25.006145625,3730095,0.0,1.0
2020-10-29,24.935,25.81,24.935,25.57,25.2630242447,2419883,0.0,1.0
2020-10-30,25.56,26.52,25.51,26.52,26.201619201,5643769,0.0,1.0
2020-11-02,26.66,27.46,26.29,27.4,27.0710545289,7284235,0.0,1.0
2020-11-03,28.81,29.28,26.36,27.04,26.7153764402,8345158,0.0,1.0
2020-11-04,26.93,27.1,24.98,25.63,25.3223039261,15753238,0.0,1.0
2020-11-05,26.07,26.665,25.44,26.61,26.2905387231,6588934,0.0,1.0
2020-11-06,26.43,26.615,25.645,25.95,25.6384622272,7824090,0.0,1.0
2020-11-09,26.97,27.61,25.97,26.25,25.9348606344,8566618,0.0,1.0
2020-11-10,26.01,27.135,25.88,26.85,26.5276574489,4604839,0.0,1.0
2020-11-11,26.95,27.6,26.575,27.46,27.1303342103,6876670,0.0,1.0
2020-11-12,27.12,27.225,25.33,25.64,25.332183873,14392488,0.0,1.0
2020-11-13,25.95,26.76,25.6069,26.635,26.3152385904,6483189,0.0,1.0
2020-11-16,26.83,27.63,26.7,27.18,26.8536956969,8104995,0.0,1.0
2020-11-17,27.07,28.215,26.665,28.16,27.8219304939,5242826,0.0,1.0
2020-11-18,28.1,28.19,27.64,27.66,27.3279331485,4151498,0.0,1.0
2020-11-19,27.61,27.975,27.38,27.71,27.377332883,4010242,0.0,1.0
2020-11-20,27.73,27.9382,27.54,27.83,27.4958922459,2846552,0.0,1.0
2020-11-23,28.0,28.76,27.75,28.53,28.1874885295,3551259,0.0,1.0
2020-11-24,28.85,29.75,28.61,29.48,29.1260834858,3941862,0.0,1.0
2020-11-25,29.45,29.45,28.87,29.3,28.9482444415,2204060,0.0,1.0
2020-11-27,29.07,29.42,29.07,29.16,28.8099251848,1551712,0.0,1.0
2020-11-30,29.06,29.21,28.71,28.84,28.4937668837,4109824,0.0,1.0
2020-12-01,29.12,30.58,28.97,30.14,29.7781599818,8788520,0.0,1.0
2020-12-02,30.22,30.655,29.77,30.6,30.2326375396,10815596,0.0,1.0
2020-12-03,30.68,31.01,30.235,30.32,29.9559990261,4730938,0.0,1.0
2020-12-04,30.47,30.52,29.74,29.84,29.4817615745,5831382,0.0,1.0
2020-12-07,29.62,30.03,29.5013,29.68,29.323682424,5121561,0.0,1.0
2020-12-08,29.58,29.79,29.105,29.255,28.9037846804,4432752,0.0,1.0
2020-12-09,29.33,29.68,29.05,29.24,28.88896476,7025431,0.0,1.0
2020-12-10,29.08,29.23,28.88,29.11,28.7605254502,3678535,0.0,1.0
2020-12-11,28.91,29.37,28.5101,29.32,28.9680043353,3492147,0.0,1.0
2020-12-14,29.74,29.77,28.76,28.78,28.4344872022,4596287,0.0,1.0
2020-12-15,28.88,28.94,27.985,28.58,28.2368882641,4705494,0.0,1.0
2020-12-16,28.64,28.88,28.35,28.45,28.1084489543,3169470,0.0,1.0
2020-12-17,28.57,28.7,27.85,28.54,28.1973684764,3799814,0.0,1.0
2020-12-18,28.54,28.82,27.92,28.16,27.8219304939,6018042,0.0,1.0
2020-12-21,27.78,27.93,27.315,27.72,27.38721283,2718870,0.0,1.0
2020-12-22,27.51,27.72,27.12,27.27,26.9426152191,3071160,0.0,1.0
2020-12-23,27.35,28.22,27.2901,28.11,27.7725307594,3292816,0.0,1.0
2020-12-24,28.05,28.53,28.05,28.31,27.9701296976,1363508,0.0,1.0
2020-12-28,28.46,29.315,28.3,29.14,28.7901652909,3658388,0.0,1.0
2020-12-29,29.19,29.295,28.84,29.02,28.671605928,1569855,0.0,1.0
2020-12-30,29.14,29.55,29.04,29.09,28.7407655564,1951598,0.0,1.0
2020-12-31,29.13,29.375,28.99,29.12,28.7704053971,2676310,0.0,1.0
2021-01-04,29.24,29.71,28.46,28.81,28.464127043,4234196,0.0,1.0
2021-01-05,28.83,29.605,28.76,29.445,29.0915036716,3063181,0.0,1.0
2021-01-06,30.1,32.18,29.86,32.01,31.6257100536,7887604,0.0,1.0
2021-01-07,31.99,31.99,30.92,30.94,30.5685557344,5905197,0.0,1.0
2021-01-08,30.83,31.04,29.73,30.09,29.7287602472,5907869,0.0,1.0
2021-01-11,29.97,30.59,29.79,30.33,29.965878973,5215884,0.0,1.0
2021-01-12,30.42,30.57,29.7,29.77,29.4126019462,4780024,0.0,1.0
2021-01-13,29.59,30.03,29.33,29.96,29.6003209374,6523965,0.0,1.0
2021-01-14,30.18,31.46,29.665,31.27,30.8945939824,10724941,0.0,1.0
2021-01-15,31.13,31.74,30.73,31.49,31.1119528144,9718544,0.0,1.0
2021-01-19,31.66,31.66,29.85,30.01,29.649720672,5599893,0.0,1.0
2021-01-20,30.03,31.27,30.03,31.02,30.6475953097,8677222,0.0,1.0
2021-01-21,30.73,31.32,30.63,31.04,30.6673552035,4676731,0.0,1.0
2021-01-22,30.85,30.86,29.84,30.16,29.7979198756,6472874,0.0,1.0
2021-01-25,30.2,32.22,30.095,32.09,31.7047496289,9137110,0.0,1.0
2021-01-26,32.19,35.18,32.19,34.93,34.5106545509,15512340,0.0,1.0
2021-01-27,35.34,40.73,34.13,34.38,33.9672574709,23919961,0.0,1.0
2021-01-28,34.38,35.14,31.82,31.9,31.5170306376,8424115,0.0,1.0
2021-01-29,31.79,32.69,30.96,31.18,30.8056744602,5336758,0.0,1.0
2021-02-01,31.25,32.06,30.93,31.88,31.4972707438,3775712,0.0,1.0
2021-02-02,31.95,32.06,30.295,30.51,30.1437180174,4100357,0.0,1.0
2021-02-03,30.59,30.745,30.215,30.28,29.9164792385,3568512,0.0,1.0
2021-02-04,30.32,30.92,30.03,30.42,30.0547984952,4102483,0.0,1.0
2021-02-05,30.39,31.72,30.09,31.42,31.042793186,4650789,0.0,1.0
2021-02-08,31.66,32.77,31.43,32.69,32.2975464434,7333654,0.0,1.0
2021-02-09,32.7487,32.9,30.53,30.73,30.3610768494,6583162,0.0,1.0
2021-02-10,30.91,31.99,30.48,31.78,31.3984712747,6167105,0.0,1.0
2021-02-11,31.58,32.22,31.36,32.0,31.6158301067,4041024,0.0,1.0
2021-02-12,31.94,32.825,31.9,32.59,32.1987469743,3323365,0.0,1.0
2021-02-16,32.54,32.73,31.57,31.73,31.3490715402,5015191,0.0,1.0
2021-02-17,31.85,32.11,31.5012,31.75,31.368831434,2760842,0.0,1.0
2021-02-18,31.8,32.41,31.67,32.175,31.7887291776,4618256,0.0,1.0
2021-02-19,32.34,33.99,32.18,33.78,33.3744606564,4866160,0.0,1.0
2021-02-22,33.76,35.33,33.7,34.69,34.2735358251,6829644,0.0,1.0
2021-02-23,34.79,35.38,33.65,34.12,33.7103788513,4107082,0.0,1.0
2021-02-24,33.84,34.23,33.4107,34.04,33.631339276,3447234,0.0,1.0
2021-02-25,34.3,34.67,32.86,33.04,32.6433445852,3619516,0.0,1.0
2021-02-26,33.15,33.85,32.8,33.31,32.9101031517,5146011,0.0,1.0
2021-03-01,34.06,35.0,33.535,34.79,34.3723352942,5913898,0.0,1.0
2021-03-02,34.65,38.81,34.52,37.95,37.4943985172,12604228,0.0,1.0
2021-03-03,38.16,40.55,37.51,39.33,38.8578311906,13436959,0.0,1.0
2021-03-04,39.66,40.33,37.96,39.09,38.6207124648,6178574,0.0,1.0
2021-03-05,39.62,41.44,39.11,41.29,40.7943007846,6794718,0.0,1.0
2021-03-08,40.88,42.6247,40.14,42.33,41.8218152631,5776628,0.0,1.0
2021-03-09,42.15,42.275,40.04,40.32,40.0631847134,5377651,0.23,1.0
2021-03-10,40.6,41.6,39.94,41.46,41.1959235669,2707804,0.0,1.0
2021-03-11,41.2,42.39,40.86,41.845,41.5784713376,2913457,0.0,1.0
2021-03-12,41.74,43.01,41.73,42.78,42.5075159236,3818790,0.0,1.0
2021-03-15,43.0,43.72,42.29,42.7,42.4280254777,3771706,0.0,1.0
2021-03-16,43.11,44.8,43.03,44.18,43.8985987261,5094517,0.0,1.0
2021-03-17,43.56,44.1,41.48,42.92,42.6466242038,4359025,0.0,1.0
2021-03-18,42.49,43.66,42.47,42.88,42.6068789809,3689730,0.0,1.0
2021-03-19,43.0,43.31,42.57,42.925,42.6515923567,6423375,0.0,1.0
2021-03-22,42.87,43.71,42.44,43.65,43.3719745223,3800925,0.0,1.0
2021-03-23,43.34,43.44,41.64,41.81,41.5436942675,3568356,0.0,1.0
2021-03-24,41.8,42.1,40.08,40.12,39.8644585987,4052008,0.0,1.0
2021-03-25,40.19,40.97,39.585,40.3,40.0433121019,4816874,0.0,1.0
2021-03-26,39.99,40.44,35.33,37.8,37.5592356688,12757667,0.0,1.0
2021-03-29,37.75,38.2,36.77,37.23,36.992866242,4725792,0.0,1.0
2021-03-30,37.41,37.92,36.5,37.11,36.8736305732,3789361,0.0,1.0
2021-03-31,37.17,37.41,36.01,36.11,35.88,6338322,0.0,1.0
2021-04-01,36.45,36.73,35.76,36.31,36.0787261146,3410578,0.0,1.0
2021-04-05,36.625,36.7,35.41,36.4,36.1681528662,4097416,0.0,1.0
2021-04-06,36.2,37.52,36.11,37.05,36.8140127389,3798897,0.0,1.0
2021-04-07,37.37,38.0,36.82,37.31,37.0723566879,3164946,0.0,1.0
2021-04-08,37.21,37.33,36.4,37.0,36.7643312102,3289933,0.0,1.0
2021-04-09,37.01,37.59,36.63,37.46,37.2214012739,2357247,0.0,1.0
2021-04-12,37.76,38.33,37.26,37.42,37.181656051,2782444,0.0,1.0
2021-04-13,37.54,38.09,37.3467,37.47,37.2313375796,2546144,0.0,1.0
2021-04-14,37.18,37.955,37.07,37.23,36.992866242,2999979,0.0,1.0
2021-04-15,37.81,38.51,37.615,37.885,37.6436942675,3808432,0.0,1.0
2021-04-16,38.13,38.56,37.77,37.945,37.7033121019,3322681,0.0,1.0
2021-04-19,37.79,38.32,37.52,37.68,37.44,3580175,0.0,1.0
2021-04-20,37.76,38.27,37.4126,37.8,37.5592356688,4073559,0.0,1.0
2021-04-21,37.59,38.8,37.43,38.61,38.3640764331,4948161,0.0,1.0
2021-04-22,38.53,38.87,37.91,38.12,37.8771974522,3604732,0.0,1.0
2021-04-23,38.46,38.7,38.14,38.41,38.1653503185,1831229,0.0,1.0
2021-04-26,38.53,38.56,37.71,38.2,37.9566878981,2495008,0.0,1.0
2021-04-27,38.06,38.58,37.87,38.28,38.0361783439,4267970,0.0,1.0
2021-04-28,37.93,38.28,37.58,37.82,37.5791082803,2630837,0.0,1.0
2021-04-29,38.03,38.26,37.505,37.77,37.5294267516,2538974,0.0,1.0
2021-04-30,37.79,37.83,37.22,37.42,37.181656051,3920933,0.0,1.0
2021-05-03,37.86,37.86,36.6,36.61,36.3768152866,4174831,0.0,1.0
2021-05-04,36.91,37.13,36.24,36.74,36.5059872611,4091439,0.0,1.0
2021-05-05,36.96,37.0,36.225,36.34,36.1085350318,2994401,0.0,1.0
2021-05-06,36.58,38.41,36.565,37.57,37.3307006369,3942655,0.0,1.0
2021-05-07,37.49,38.44,37.35,38.32,38.0759235669,2264280,0.0,1.0
2021-05-10,38.32,39.46,38.11,38.83,38.5826751592,3063941,0.0,1.0
2021-05-11,38.59,39.04,38.015,38.505,38.2597452229,2442368,0.0,1.0
2021-05-12,38.3,38.75,37.89,37.935,37.6933757962,2517416,0.0,1.0
2021-05-13,37.93,39.16,37.85,38.74,38.4932484076,2193514,0.0,1.0
2021-05-14,38.4,38.66,37.14,37.26,37.0226751592,4677963,0.0,1.0
2021-05-17,37.75,38.22,36.72,36.77,36.5357961783,4072422,0.0,1.0
2021-05-18,37.04,37.72,36.9,37.35,37.1121019108,3561976,0.0,1.0
2021-05-19,36.92,37.61,36.8,37.35,37.1121019108,3162927,0.0,1.0
2021-05-20,37.29,37.77,37.17,37.25,37.0127388535,2760641,0.0,1.0
2021-05-21,37.28,37.852,37.16,37.58,37.3406369427,3404836,0.0,1.0
2021-05-24,37.53,37.9001,37.33,37.44,37.2015286624,1937406,0.0,1.0
2021-05-25,37.71,37.93,36.95,37.15,36.9133757962,2785494,0.0,1.0
2021-05-26,37.17,38.06,37.07,37.51,37.2710828025,2043859,0.0,1.0
2021-05-27,37.72,38.38,37.66,37.95,37.7082802548,4180374,0.0,1.0
2021-05-28,37.94,38.05,37.09,37.35,37.1121019108,2292897,0.0,1.0
2021-06-01,37.63,37.74,37.16,37.32,37.0822929936,2133750,0.0,1.0
2021-06-02,37.39,37.5,36.405,36.78,36.5457324841,4411475,0.0,1.0
2021-06-03,36.87,37.12,36.04,36.62,36.3867515924,2659675,0.0,1.0
2021-06-04,36.63,37.27,36.5,37.19,36.9531210191,2259433,0.0,1.0
2021-06-07,37.28,37.59,36.94,37.15,36.9133757962,1497465,0.0,1.0
2021-06-08,37.15,37.245,36.365,36.59,36.3569426752,2360943,0.0,1.0
2021-06-09,37.31,38.07,36.86,37.64,37.4002547771,3592122,0.0,1.0
2021-06-10,37.75,37.87,37.31,37.47,37.2313375796,2338395,0.0,1.0
2021-06-11,37.58,37.96,37.47,37.93,37.6884076433,2090003,0.0,1.0
2021-06-14,37.98,38.11,37.34,37.68,37.44,2091942,0.0,1.0
2021-06-15,37.97,38.14,37.36,37.71,37.4698089172,2640327,0.0,1.0
2021-06-16,37.65,37.86,37.25,37.67,37.4300636943,1983230,0.0,1.0
2021-06-17,37.67,37.99,36.91,37.15,36.9133757962,3120867,0.0,1.0
2021-06-18,37.38,37.995,37.01,37.63,37.3903184713,5734633,0.0,1.0
2021-06-21,37.76,38.03,37.41,37.49,37.2512101911,2296687,0.0,1.0
2021-06-22,37.53,37.78,36.82,37.65,37.4101910828,2636789,0.0,1.0
2021-06-23,37.63,37.97,37.45,37.6,37.3605095541,2254645,0.0,1.0
2021-06-24,37.73,38.39,37.61,38.3,38.0560509554,2110221,0.0,1.0
2021-06-25,38.38,38.86,38.05,38.36,38.1156687898,3944168,0.0,1.0
2021-06-28,38.66,38.81,38.06,38.31,38.0659872611,2362929,0.0,1.0
2021-06-29,37.54,37.85,36.82,36.83,36.5954140127,3086266,0.0,1.0
2021-06-30,37.0,37.17,36.54,37.13,36.8935031847,2282934,0.0,1.0
2021-07-01,37.13,37.88,36.94,37.55,37.3108280255,2442513,0.0,1.0
2021-07-02,37.56,37.625,37.07,37.32,37.0822929936,2014217,0.0,1.0
2021-07-06,37.3,37.3,35.75,36.73,36.4960509554,2666153,0.0,1.0
2021-07-07,36.58,37.02,36.04,36.4,36.1681528662,2600041,0.0,1.0
2021-07-08,36.3,36.36,35.32,35.7,35.472611465,2429727,0.0,1.0
2021-07-09,35.75,36.55,35.69,36.45,36.2178343949,1730445,0.0,1.0
2021-07-12,36.32,36.83,35.79,36.8,36.5656050955,1860349,0.0,1.0
2021-07-13,36.96,36.96,35.905,35.95,35.7210191083,2341120,0.0,1.0
2021-07-14,36.13,36.54,35.98,36.36,36.1284076433,1936730,0.0,1.0
2021-07-15,36.24,36.49,35.765,35.84,35.6117197452,1886057,0.0,1.0
2021-07-16,35.75,36.005,35.22,35.28,35.0552866242,2976840,0.0,1.0
2021-07-19,34.98,35.18,34.51,34.72,34.4988535032,3999321,0.0,1.0
2021-07-20,34.9,35.105,34.46,34.97,34.7472611465,2713596,0.0,1.0
2021-07-21,35.05,36.37,35.04,36.19,35.9594904459,4462873,0.0,1.0
2021-07-22,36.2,36.29,35.37,36.0,35.7707006369,2552979,0.0,1.0
2021-07-23,36.13,36.245,35.725,36.19,35.9594904459,1681775,0.0,1.0
2021-07-26,36.11,36.84,36.11,36.56,36.327133758,2235553,0.0,1.0
2021-07-27,36.28,36.53,35.99,36.2,35.9694267516,1540060,0.0,1.0
2021-07-28,36.27,36.66,35.55,36.32,36.0886624204,1843824,0.0,1.0
2021-07-29,36.37,36.93,36.185,36.3,36.0687898089,2858058,0.0,1.0
2021-07-30,36.0,36.39,35.54,35.66,35.432866242,2496096,0.0,1.0
2021-08-02,35.77,35.95,35.5,35.64,35.4129936306,2300759,0.0,1.0
2021-08-03,35.75,35.785,34.16,35.03,34.8068789809,2652458,0.0,1.0
2021-08-04,34.8,35.3,34.575,34.91,34.6876433121,2954609,0.0,1.0
2021-08-05,36.0,37.39,35.5201,37.21,36.9729936306,4856948,0.0,1.0
2021-08-06,37.29,37.54,36.36,36.48,36.2476433121,3837721,0.0,1.0
2021-08-09,36.32,36.59,36.04,36.51,36.2774522293,2084701,0.0,1.0
2021-08-10,36.52,37.015,36.14,36.98,36.7444585987,2042168,0.0,1.0
2021-08-11,37.265,37.51,36.76,37.47,37.2313375796,1817685,0.0,1.0
2021-08-12,37.62,37.62,36.71,37.03,36.7941401274,1552722,0.0,1.0
2021-08-13,37.43,37.43,36.97,37.0,36.7643312102,1651726,0.0,1.0
2021-08-16,36.82,37.34,36.51,37.19,36.9531210191,1734403,0.0,1.0
2021-08-17,36.84,37.19,36.54,36.98,36.7444585987,1416034,0.0,1.0
2021-08-18,37.02,37.64,36.52,36.56,36.327133758,2351373,0.0,1.0
2021-08-19,36.37,36.65,35.95,36.18,35.9495541401,1675827,0.0,1.0
2021-08-20,36.11,36.91,35.94,36.76,36.5258598726,1255384,0.0,1.0
2021-08-23,36.84,37.185,36.75,37.14,36.9034394904,1811456,0.0,1.0
2021-08-24,37.28,37.445,36.915,37.07,36.8338853503,1520311,0.0,1.0
2021-08-25,37.25,37.47,36.69,37.04,36.8040764331,2319011,0.0,1.0
2021-08-26,37.04,37.18,36.6,36.68,36.4463694268,3067478,0.0,1.0
2021-08-27,36.65,37.365,36.6,37.2,36.9630573248,1749753,0.0,1.0
2021-08-30,37.2,37.25,36.75,37.07,36.8338853503,1248804,0.0,1.0
2021-08-31,36.85,37.595,36.71,37.44,37.44,2872197,0.24,1.0
2021-09-01,37.53,37.59,36.91,37.0,37.0,2043901,0.0,1.0
2021-09-02,37.16,37.44,36.93,37.17,37.17,2296154,0.0,1.0
2021-09-03,37.07,37.13,36.54,36.89,36.89,1529648,0.0,1.0
2021-09-07,36.83,37.18,36.66,36.75,36.75,1427716,0.0,1.0
2021-09-08,36.72,37.1,35.915,35.96,35.96,2303451,0.0,1.0
2021-09-09,36.325,36.435,35.72,36.36,36.36,2590303,0.0,1.0
2021-09-10,36.43,36.51,35.775,35.94,35.94,2617203,0.0,1.0
2021-09-13,36.24,36.535,35.92,36.34,36.34,3090697,0.0,1.0
2021-09-14,36.68,36.78,35.18,35.3,35.3,2791037,0.0,1.0
2021-09-15,35.34,36.74,35.12,36.56,36.56,3039131,0.0,1.0
2021-09-16,36.49,37.49,36.37,37.33,37.33,2690853,0.0,1.0
2021-09-17,37.22,38.1,37.22,37.71,37.71,5179176,0.0,1.0
2021-09-20,37.29,37.4,36.59,37.13,37.13,2334051,0.0,1.0
2021-09-21,37.37,37.865,36.92,37.13,37.13,2017529,0.0,1.0
2021-09-22,37.4,38.63,37.38,38.21,38.21,3174944,0.0,1.0
2021-09-23,38.0,38.98,38.0,38.42,38.42,1965127,0.0,1.0
2021-09-24,38.5,39.81,38.27,39.26,39.26,3057874,0.0,1.0
2021-09-27,39.15,40.38,39.01,40.12,40.12,3695613,0.0,1.0
2021-09-28,40.0,40.43,39.69,39.83,39.83,3303156,0.0,1.0
2021-09-29,39.85,40.32,39.57,40.25,40.25,2020982,0.0,1.0
2021-09-30,40.93,41.11,40.11,40.11,40.11,4603298,0.0,1.0
2021-10-01,40.28,41.08,40.1,40.78,40.78,2339217,0.0,1.0
2021-10-04,40.78,41.68,40.6,41.48,41.48,4179923,0.0,1.0
2021-10-05,41.66,42.23,41.46,41.9,41.9,2897744,0.0,1.0
2021-10-06,41.46,41.78,41.05,41.55,41.55,3729963,0.0,1.0
2021-10-07,41.85,42.525,41.67,42.15,42.15,2787760,0.0,1.0
2021-10-08,42.31,43.325,42.19,42.25,42.25,2283049,0.0,1.0
2021-10-11,42.36,42.63,41.48,42.1,42.1,1967676,0.0,1.0
2021-10-12,40.6319,42.49,40.391,42.0,42.0,2279861,0.0,1.0
2021-10-13,42.1,42.6,42.03,42.35,42.35,2857533,0.0,1.0
2021-10-14,42.58,42.82,42.23,42.45,42.45,2278883,0.0,1.0
2021-10-15,42.69,42.73,41.54,41.61,41.61,4494599,0.0,1.0
2021-10-18,41.63,42.07,41.39,41.93,41.93,2064259,0.0,1.0
2021-10-19,42.16,43.03,41.98,43.03,43.03,2541909,0.0,1.0
2021-10-20,43.02,43.58,42.72,43.21,43.21,1828800,0.0,1.0
2021-10-21,43.04,43.47,42.43,42.61,42.61,2926269,0.0,1.0
2021-10-22,42.52,42.69,42.16,42.52,42.52,1903146,0.0,1.0
2021-10-25,42.6,42.68,41.72,41.83,41.83,2595039,0.0,1.0
2021-10-26,42.02,42.08,41.445,41.59,41.59,2558902,0.0,1.0
2021-10-27,41.69,41.75,40.18,40.2,40.2,3488094,0.0,1.0
2021-10-28,40.29,40.8,40.18,40.76,40.76,2149529,0.0,1.0
2021-10-29,40.7,40.75,39.4,39.74,39.74,2847541,0.0,1.0
2021-11-01,40.04,41.18,39.935,41.06,41.06,3253436,0.0,1.0
2021-11-02,41.17,41.84,40.84,41.6,41.6,3399707,0.0,1.0
2021-11-03,41.22,42.09,40.66,41.58,41.58,3878848,0.0,1.0
2021-11-04,41.78,41.78,39.4,41.33,41.33,4688752,0.0,1.0
2021-11-05,41.53,42.57,41.19,41.48,41.48,3436553,0.0,1.0
2021-11-08,41.54,41.7251,40.32,40.56,40.56,2600607,0.0,1.0
2021-11-09,40.61,41.05,40.37,40.54,40.54,1714676,0.0,1.0
2021-11-10,40.65,41.42,40.49,40.69,40.69,2575317,0.0,1.0
2021-11-11,39.85,41.4,39.52,41.15,41.15,3289551,0.0,1.0
2021-11-12,41.15,41.48,40.79,41.1,41.1,2029522,0.0,1.0
2021-11-15,41.16,41.84,41.08,41.27,41.27,2424441,0.0,1.0
2021-11-16,41.25,41.25,40.36,40.42,40.42,2553347,0.0,1.0
2021-11-17,40.25,40.55,39.96,40.29,40.29,1809308,0.0,1.0
2021-11-18,40.29,40.61,39.52,39.57,39.57,1793426,0.0,1.0
2021-11-19,39.28,39.64,38.73,38.99,38.99,3459008,0.0,1.0
2021-11-22,38.99,39.18,38.56,38.74,38.74,3229640,0.0,1.0
2021-11-23,39.03,39.4,38.74,39.13,39.13,3448043,0.0,1.0
2021-11-24,38.94,38.97,38.36,38.5,38.5,2677654,0.0,1.0
2021-11-26,37.76,37.809,37.05,37.62,37.62,1850424,0.0,1.0
2021-11-29,37.69,37.81,36.8,36.92,36.92,3655336,0.0,1.0
2021-11-30,36.76,36.92,35.64,35.71,35.71,5053753,0.0,1.0
2021-12-01,36.27,36.62,34.4,34.44,34.44,5228712,0.0,1.0
2021-12-02,34.5,35.6,34.41,35.33,35.33,5518304,0.0,1.0
2021-12-03,35.51,36.17,35.41,36.04,36.04,4957077,0.0,1.0
2021-12-06,36.4,36.98,36.24,36.52,36.52,2825413,0.0,1.0
2021-12-07,36.735,37.29,36.335,36.48,36.48,2485674,0.0,1.0
2021-12-08,36.54,37.37,36.44,36.75,36.75,3473531,0.0,1.0
2021-12-09,36.63,37.29,36.36,36.54,36.54,2382556,0.0,1.0
2021-12-10,36.75,36.955,36.305,36.82,36.82,3253536,0.0,1.0
2021-12-13,36.42,36.62,35.8,36.31,36.31,3183389,0.0,1.0
2021-12-14,36.16,36.62,35.8,35.98,35.98,4631069,0.0,1.0
2021-12-15,35.93,36.31,35.25,36.25,36.25,4728664,0.0,1.0
2021-12-16,36.45,37.12,36.24,37.01,37.01,6425998,0.0,1.0
2021-12-17,37.31,37.775,36.58,36.96,36.96,18794385,0.0,1.0
